firstname,lastname
মোহাম্মদ,আক্তার
মোহাম্মদ,ইসলাম
শারমিন,খাতুন
আব্দুল,হোসেন
ফাতেমা,রহমান
সাদিয়া,হাসান
তানিয়া,আহমেদ
সালমা,বেগম
আসমা,খান
মুহাম্মদ,উদ্দিন
নাসরিন,আলী
আবদুল্লাহ,আলম
নুসরাত,মিয়া
আহমেদ,সুলতানা
সৈয়দ,হোসেন
ফারজানা,চৌধুরী
ফারহানা,হক
সাবিনা,রানা
কাজী,মিয়া
শেখ,আক্তার
আয়েশা,আকতার
হাসান,আক্তার
সোনিয়া,হোসেন
হালিমা,দাস
আবদুর,মাহমুদ
নাজমুল,বিশ্বাস
রিমা,জাহান
তানভীর,কবির
সাইফুল,সরকার
নুর,হক
মাসুদ,নাহার
শামীম,হাসান
আবুল,করিম
রহিমা,পারভিন
ইমরান,সাহা
আরিফ,রায়
আলী,আমিন
নাসিমা,রশিদ
সুমন,উল্লাহ
সোহেল,আল আমিন
খাদিজা,জামান
আমেনা,রহমান
সুমায়া,সরকার
সুলতানা,ফেরদৌস
আমিনা,চাকমা
কামরুল,শেখ
শাহিন,ভূঁইয়া
ফাহিমা,আহমদ
বিবি,আল মামুন
হাবিবা,রেজা
ফাতিমা,খানম
আসিফ,আহমেদ
আয়শা,মন্ডল
মিজানুর,মামুন
ওমর,বড়ুয়া
সাবরিনা,বিল্লাহ
আনিকা,খানম
নুরুল,ফারুক
রোকসানা,মোল্লা
রিনা,হোসেন
নার্গিস,ইয়াসমিন
শাহ,মিম
শাকিল,হাবিব
নাহিদা,জান্নাত
হাবিবুর,আলম
মামুন,হোসেন
রাজিয়া,তালুকদার
নাহিদ,আফরিন
আমিনুল,কাজী
রুবেল,আবদুল্লাহ
ফয়সাল,হোসেন
মনির,আজাদ
রোজিনা,রহিম
জাহাঙ্গীর,শারমিন
পারভিন,আবু
শাহিদা,আহমেদ
সাঈদ,আল-আমিন
ইব্রাহিম,দে
ফাহিম,ঘোষ
লিজা,সিদ্দিক
আবদুস,ইয়াসমিন
মারিয়া,ফাতেমা
হাফসা,আখতার
সামিয়া,বানু
আবু,ইকবাল
কামাল,সিকদার
আলমগীর,রাসেল
জাহিদ,কামাল
আহসান,আহমেদ
জেসমিন,ইয়েসমিন
নাসির,বাবু
রুবিনা,শরীফ
তাসনিম,আজিজ
সিমা,তাসনিম
ইসমাইল,সুমন
শরীফ,আরাফাত
নাদিয়া,তাবাসসুম
মীর,রাব্বি
সেলিনা,আরা
জয়,সালমা
নজরুল,শুভ
নূর,নাসরিন
সুমাইয়া,সাকিব
রাজু,আবেদিন
শিরিন,সিদ্দিকা
হামিদা,হাবিবা
হাসান,রানী
রুবেল,মনি
শাহীদা,আহসান
সাঈদ,মন্ডল
আনোয়ার,আলামিন
হোসেন,পারভিন
রেজা,তামান্না
বিউটি,রুবেল
সেলিম,তানিয়া
ইকবাল,ইমন
সাবিহা,হাওলাদার
রাবিয়া,শাহ
আসিয়া,হোসেন
এমরান,পারভেজ
সুমন,দেবনাথ
ফরিদা,সালাম
জাকির,হুদা
নাইমা,শেখ
মাহমুদ,ইব্রাহিম
জাকিয়া,কুলসুম
আমির,চক্রবর্তী
আশরাফ,আলিম
আকাশ,মোহাম্মদ
রেশমা,হালদার
পারভেজ,সুমি
লাভলী,ফেরদৌস
আরাফাত,রাকিব
সালমান,মাসুদ
ফরহাদ,মিতু
ইয়াসমিন,নেসা
মোস্তফা,মনিরুজ্জামান
আফিয়া,মোর্শেদ
লাকি,মোল্লা
ফয়সাল,আকাশ
তারেক,ইমরান
মারজিয়া,রনি
হাসনা,কাদের
আবির,জয়
রোমানা,জান্নাত
আরমান,ফাহিম
আশা,খলিল
ফারহান,রায়হান
ইমতিয়াজ,আনোয়ার
নাফিসা,আজম
সাহিদা,দত্ত
মিনা,সিদ্দিক
হারুন,লিমা
খালিদ,আসাদুজ্জামান
সামিরা,আরিফ
আসাদ,নাথ
শুভ,নাহের
নাদিরা,সোহেল
আদনান,হাকিম
আহমদ,রিমা
সাইফ,বাশার
সেলিম,হায়দার
রেজা,হক
শিলা,আখি
ফরিদ,শামীম
রিতা,শাকিল
রাশিদা,মান্নান
করিমা,হক
বেলাল,জাহান
রানা,মোস্তফা
ফাহাদ,মজুমদার
শাহনাজ,হামিদ
মির্জা,রাজ্জাক
জামাল,সারমিন
হোসেন,লিজা
মরিয়ম,আফরোজ
শহীদ,ফারুক
তারেক,রাব্বানী
সেলিনা,রায়হান
নাজিয়া,মাসুম
রবিন,বারি
মুরাদ,হালিম
নয়ন,চৌধুরী
সালেহা,নূর
রনি,মহিউদ্দিন
কবির,দেওয়ান
নাবিলা,মুক্তা
আকরাম,মমিন
সাগর,ফয়সাল
হুমাইরা,মুন্না
ইউসুফ,মাহমুদ
রাবেয়া,সাদিয়া
নাসিম,খাদিজা
সুলতান,আরেফিন
ওসমান,মজুমদার
মুহাম্মদ,মোহাম্মদ
লামিয়া,শাহরিয়ার
জামিল,মারমা
জসিম,গাজী
ইয়েসমিন,আহম্মদ
আবিদা,সেন
সারোয়ার,আসমা
বাবুল,কামরুজ্জামান
রেখা,সরদার
মহসিন,কালাম
মনিকা,মীর
রাফিয়া,ইউসুফ
নাজমা,অনিক
মিতা,ধর
আবিদ,আবু সাঈদ
ওয়াহিদ,শাহিন
আয়েসা,শান্ত
রাহুল,কুন্ডু
খান,সুলতান
শায়লা,তসলিমা
নোমান,সোনিয়া
রুবি,Chy
হীরা,সারোয়ার
নাদিম,নবী
হাবিব,কিবরিয়া
নায়েম,রিফাত
লায়লা,সোহাগ
রোমা,মিমি
বিল্লাল,মুন্নি
ইয়াসিন,হান্নান
রেবেকা,মিলন
সাজ্জাদ,সরদার
নাইম,রাজু
জনি,সূত্রধর
জাকারিয়া,দেব
নাজিম,মৃধা
যুবরাজ,রুমা
ফারাহ,তুহিন
লুবনা,তানভীর
আনিস,জামান
রানী,বণিক
জিয়া,নুর
মোস্তফা,মাহবুব
আজাদ,সাগর
বুশরা,গনি
জালাল,রাফি
রিয়াদ,গোমস
প্রিয়াঙ্কা,ফাতিমা
আফিফা,দত্ত
রিয়াজ,নিপা
সানিয়া,হোসান
হাফিজ,ফারজানা
সামিনা,শাওন
জমিলা,তালুকদার
ইলিয়াস,নাহিদ
তানভীর,মৌ
সামিহা,মাহামুদ
ইভা,নায়েম
নিজাম,সজিব
জন,কেয়া
করিম,বাপ্পি
জহির,রাব্বি
রাফি,ব্রিস্টি
সাফিয়া,ইসমিন
ফুয়াদ,হোসেন
প্রিয়া,শিকদার
শাদিয়া,মীম
আমরান,বর্মন
সালেহ,রবিন
সুমিয়া,আজিম
সালাহ,রিপন
সামির,সামাদ
মুসা,মারুফ
শাহীন,কাওসার
আবরার,আলমগীর
সাজিদ,সোহাগ
রোমান,আবু হানিফ
হেলেনা,আশা
নীলা,ভট্টাচার্য
আফজাল,আহাদ
রাইসা,আউয়াল
আলম,জুয়েল
লতিফা,নাঈম
আসলাম,সাথী
হামিদ,মনিরা
সাদ,আকবর
মিল্টন,নাইম
মেরিনা,সাঈদ
আতিকা,শান্তা
রাহেলা,ইভা
মিয়া,মালেক
ইউসুফ,ফেরদৌসী
স্বপ্না,মির্জা
তোমা,রিতু
সাদিকা,আবির
রিয়াদ,রে
মাহদী,মন্ডল
আতিক,হাসনাত
মারজান,কাশেম
ডালিয়া,নোমান
মেহেদী,মানিক
মায়মুনা,রুমি
লোকমান,হাবিবুল্লাহ
আমান,উর্মি
নাবিল,আল-মামুন
রায়,শীল
জহির,ফকির
আলিম,মোস্তফা
এমা,হালিমা
এশিয়া,সাব্বির
আরশাদ,জুই
কৃষ্ণ,ফারজানা
সারাহ,আঞ্জুম
মুনিয়া,রাশেদ
রেদওয়ান,নুরুজ্জামান
জুবায়ের,খানম
সোনিয়া,আশরাফ
শাব্বির,সাবিনা
পাভেল,আল নোমান
আমিন,হৃদয়
শোয়েব,রহিমা
ফৌজিয়া,আসিফ
ইব্রাহিম,কাদির
তারিক,সিদ্দিকী
রোবেল,পাটোয়ারী
নাইমা,ইসমাইল
এহসান,রাহাত
রফিক,আরমান
শফিক,বালা
জাফর,আলাউদ্দিন
নাঈম,আকলিমা
জেমস,সুমা
গোপাল,ভৌমিক
সোহান,মুরাদ
সোমায়া,ফারুক
আয়েশা,রাবেয়া
দীপক,তুষার
হাসান,চন্দ্র
রাজেশ,শিলা
সারা,ফয়সাল
ডলি,মনির
জুলিয়া,বীথি
আফতাব,রাজিব
ইসলাম,ভূইয়ান
মায়া,আকন্দ
লায়লা,নিশাত
হানিফ,শেখ
সোলায়মান,হক
সাবরিন,জাকারিয়া
বিনা,ভাই
সানি,পাল
রুবিয়া,আনিকা
আনিকা,কবির
রাহাত,জনি
মোস্তফা,মল্লিক